{
  "token_acc": 0.997952498,
  "token_p": 0.9844389844,
  "token_r": 0.9896058454,
  "token_f": 0.9870156531,
  "pos_acc": 0.9734102855,
  "morph_acc": 0.9674260386,
  "morph_micro_p": 0.9891344383,
  "morph_micro_r": 0.9816619959,
  "morph_micro_f": 0.9853840509,
  "morph_per_feat": {
    "Definite": {
      "p": 0.9890350877,
      "r": 0.9875912409,
      "f": 0.988312637
    },
    "Number": {
      "p": 0.9935149157,
      "r": 0.9871134021,
      "f": 0.9903038138
    },
    "PronType": {
      "p": 0.9954867827,
      "r": 0.98784389,
      "f": 0.9916506101
    },
    "Gender": {
      "p": 0.9845559846,
      "r": 0.9775108612,
      "f": 0.9810207746
    },
    "Mood": {
      "p": 0.9801444043,
      "r": 0.9644760213,
      "f": 0.9722470904
    },
    "Person": {
      "p": 0.993622449,
      "r": 0.9798742138,
      "f": 0.9867004433
    },
    "Tense": {
      "p": 0.9834710744,
      "r": 0.9724208376,
      "f": 0.9779147406
    },
    "VerbForm": {
      "p": 0.9866220736,
      "r": 0.9768211921,
      "f": 0.9816971714
    },
    "NumType": {
      "p": 1.0,
      "r": 0.9658703072,
      "f": 0.9826388889
    },
    "Reflex": {
      "p": 0.9777777778,
      "r": 1.0,
      "f": 0.9887640449
    },
    "Voice": {
      "p": 0.9224137931,
      "r": 0.9553571429,
      "f": 0.9385964912
    },
    "Poss": {
      "p": 0.9827586207,
      "r": 1.0,
      "f": 0.9913043478
    },
    "Polarity": {
      "p": 0.9882352941,
      "r": 0.9882352941,
      "f": 0.9882352941
    }
  },
  "sents_p": 0.8591549296,
  "sents_r": 0.8926096998,
  "sents_f": 0.8735083532,
  "dep_uas": 0.9028935185,
  "dep_las": 0.8654090962,
  "dep_las_per_type": {
    "det": {
      "p": 0.9805982215,
      "r": 0.9790153349,
      "f": 0.9798061389
    },
    "nsubj": {
      "p": 0.8985148515,
      "r": 0.8746987952,
      "f": 0.8864468864
    },
    "aux:tense": {
      "p": 0.96,
      "r": 0.96,
      "f": 0.96
    },
    "root": {
      "p": 0.8700696056,
      "r": 0.9101941748,
      "f": 0.8896797153
    },
    "obj": {
      "p": 0.8433048433,
      "r": 0.8783382789,
      "f": 0.8604651163
    },
    "cc": {
      "p": 0.8812785388,
      "r": 0.8894009217,
      "f": 0.8853211009
    },
    "case": {
      "p": 0.9695121951,
      "r": 0.9747956403,
      "f": 0.9721467391
    },
    "obl:mod": {
      "p": 0.6866666667,
      "r": 0.6149253731,
      "f": 0.6488188976
    },
    "nmod": {
      "p": 0.8181818182,
      "r": 0.8541458541,
      "f": 0.8357771261
    },
    "conj": {
      "p": 0.5809128631,
      "r": 0.5511811024,
      "f": 0.5656565657
    },
    "nummod": {
      "p": 0.9079754601,
      "r": 0.875739645,
      "f": 0.8915662651
    },
    "amod": {
      "p": 0.9242144177,
      "r": 0.9107468124,
      "f": 0.9174311927
    },
    "acl": {
      "p": 0.7076023392,
      "r": 0.6994219653,
      "f": 0.7034883721
    },
    "mark": {
      "p": 0.8826086957,
      "r": 0.8942731278,
      "f": 0.8884026258
    },
    "xcomp": {
      "p": 0.8445945946,
      "r": 0.8278145695,
      "f": 0.8361204013
    },
    "flat:name": {
      "p": 0.9292929293,
      "r": 0.8761904762,
      "f": 0.9019607843
    },
    "cop": {
      "p": 0.8913043478,
      "r": 0.9111111111,
      "f": 0.9010989011
    },
    "advmod": {
      "p": 0.8817891374,
      "r": 0.8652037618,
      "f": 0.8734177215
    },
    "obl:arg": {
      "p": 0.7056074766,
      "r": 0.6863636364,
      "f": 0.6958525346
    },
    "appos": {
      "p": 0.5222222222,
      "r": 0.5662650602,
      "f": 0.5433526012
    },
    "nsubj:pass": {
      "p": 0.9024390244,
      "r": 0.8705882353,
      "f": 0.8862275449
    },
    "aux:pass": {
      "p": 0.9642857143,
      "r": 0.9642857143,
      "f": 0.9642857143
    },
    "acl:relcl": {
      "p": 0.7341772152,
      "r": 0.6744186047,
      "f": 0.703030303
    },
    "advcl": {
      "p": 0.5632183908,
      "r": 0.6282051282,
      "f": 0.5939393939
    },
    "fixed": {
      "p": 0.8,
      "r": 0.76,
      "f": 0.7794871795
    },
    "dep": {
      "p": 0.3,
      "r": 0.6206896552,
      "f": 0.404494382
    },
    "expl:subj": {
      "p": 0.8387096774,
      "r": 0.8125,
      "f": 0.8253968254
    },
    "expl:comp": {
      "p": 0.675,
      "r": 0.9,
      "f": 0.7714285714
    },
    "expl:pass": {
      "p": 0.3333333333,
      "r": 0.1428571429,
      "f": 0.2
    },
    "ccomp": {
      "p": 0.8,
      "r": 0.7843137255,
      "f": 0.7920792079
    },
    "parataxis": {
      "p": 0.55,
      "r": 0.3928571429,
      "f": 0.4583333333
    },
    "iobj": {
      "p": 0.7222222222,
      "r": 0.52,
      "f": 0.6046511628
    },
    "obl:agent": {
      "p": 0.8947368421,
      "r": 0.8095238095,
      "f": 0.85
    },
    "nsubj:caus": {
      "p": 0.0,
      "r": 0.0,
      "f": 0.0
    },
    "aux:caus": {
      "p": 0.0,
      "r": 0.0,
      "f": 0.0
    },
    "obj:agent": {
      "p": 0.0,
      "r": 0.0,
      "f": 0.0
    },
    "goeswith": {
      "p": 0.0,
      "r": 0.0,
      "f": 0.0
    },
    "vocative": {
      "p": 0.8333333333,
      "r": 0.625,
      "f": 0.7142857143
    },
    "dislocated": {
      "p": 0.0,
      "r": 0.0,
      "f": 0.0
    },
    "flat:foreign": {
      "p": 0.5,
      "r": 0.1428571429,
      "f": 0.2222222222
    },
    "orphan": {
      "p": 0.0,
      "r": 0.0,
      "f": 0.0
    },
    "advcl:cleft": {
      "p": 0.0,
      "r": 0.0,
      "f": 0.0
    },
    "csubj": {
      "p": 0.0,
      "r": 0.0,
      "f": 0.0
    }
  },
  "tag_acc": 0.9446562919,
  "lemma_acc": 0.9135840526,
  "ents_p": 0.8398572946,
  "ents_r": 0.83869741,
  "ents_f": 0.8392769516,
  "ents_per_type": {
    "PER": {
      "p": 0.9071242337,
      "r": 0.9223328796,
      "f": 0.9146653403
    },
    "LOC": {
      "p": 0.8418339999,
      "r": 0.8540533757,
      "f": 0.8478996657
    },
    "ORG": {
      "p": 0.7824390244,
      "r": 0.7652671756,
      "f": 0.7737578389
    },
    "MISC": {
      "p": 0.7278621126,
      "r": 0.67108908,
      "f": 0.6983235986
    }
  },
  "speed": 3507.691486558
}